categoryName,name,description,price,quantity,sellerName,status
방탄소년단,BTS MAP OF THE SOUL 7 앨범,BTS 정규 4집 앨범입니다. 포토카드 포함 미개봉 새상품.,25000,3,판매자1,ON_SALE
방탄소년단,BTS 지민 포토카드 세트,지민 공식 포토카드 5장 세트. Butter 앨범 포카 포함.,15000,5,판매자1,ON_SALE
방탄소년단,BTS 공식 응원봉 ARMY BOMB,BTS 3세대 공식 응원봉. 블루투스 연동 가능.,45000,2,판매자1,ON_SALE
방탄소년단,BTS 윈터 패키지 2023,2023 시즌그리팅 윈터 패키지. 미개봉 풀박스.,55000,1,판매자1,ON_SALE
방탄소년단,BTS 정국 포토카드,정국 공식 포토카드 단품. BE 앨범 버전. 상태 A급.,8000,10,판매자1,ON_SALE
방탄소년단,BTS PROOF 앨범 콤팩트 버전,정규 앨범 PROOF 콤팩트 에디션. 포카 랜덤 포함.,28000,4,판매자2,ON_SALE
방탄소년단,RM 솔로 앨범 Indigo,RM 첫 솔로 앨범. 미개봉 새상품.,22000,6,판매자2,ON_SALE
방탄소년단,지민 FACE 앨범,지민 솔로 앨범 FACE. 포토북 포함.,21000,5,판매자2,ON_SALE
방탄소년단,정국 GOLDEN 앨범,정국 솔로 앨범 GOLDEN. 한정판 포토카드 포함.,23000,7,판매자2,ON_SALE
방탄소년단,BTS 슈가 D-DAY 앨범,슈가 솔로 앨범 D-DAY. 미개봉 상태.,22000,4,판매자2,ON_SALE
블랙핑크,블랙핑크 BORN PINK 앨범,블랙핑크 2집 정규앨범. 포토카드 랜덤 포함. 미개봉 새상품.,22000,4,판매자1,ON_SALE
블랙핑크,블랙핑크 제니 포토카드,제니 공식 포토카드. Pink Venom 버전. 상태 S급.,12000,6,판매자1,ON_SALE
블랙핑크,블랙핑크 공식 응원봉,블랙핑크 공식 응원봉 1세대. 정품 인증 완료.,50000,3,판매자1,ON_SALE
블랙핑크,블랙핑크 리사 포토카드,리사 공식 포토카드. LALISA 앨범 버전.,13000,8,판매자3,ON_SALE
블랙핑크,블랙핑크 로제 포토카드,로제 공식 포토카드. -R- 앨범 버전.,12500,7,판매자3,ON_SALE
블랙핑크,블랙핑크 지수 포토카드,지수 공식 포토카드. ME 앨범 버전.,13500,6,판매자3,ON_SALE
블랙핑크,블랙핑크 THE ALBUM,블랙핑크 정규 1집. 포토북 포함.,24000,5,판매자3,ON_SALE
블랙핑크,블랙핑크 SQUARE UP 앨범,미니 1집 SQUARE UP. 뚜두뚜두 수록.,18000,3,판매자3,ON_SALE
블랙핑크,블랙핑크 공식 인형 세트,블랙핑크 캐릭터 인형 4종 세트.,65000,2,판매자3,ON_SALE
블랙핑크,블랙핑크 시즌그리팅 2024,2024 시즌그리팅 풀세트. 미개봉.,48000,2,판매자4,ON_SALE
뉴진스,뉴진스 Get Up 앨범,뉴진스 1집 앨범 Get Up. 버니비치백 버전. 포토카드 포함.,20000,5,판매자1,ON_SALE
뉴진스,뉴진스 민지 포토카드,민지 공식 포토카드. OMG 앨범 버전. 상태 S급.,15000,4,판매자1,ON_SALE
뉴진스,뉴진스 공식 토끼 인형,뉴진스 공식 캐릭터 토끼 인형. 중형 사이즈. 미사용 새제품.,35000,2,판매자1,ON_SALE
뉴진스,뉴진스 OMG 앨범,뉴진스 싱글 OMG. 포토카드 랜덤 포함.,16000,6,판매자4,ON_SALE
뉴진스,뉴진스 하니 포토카드,하니 공식 포토카드. Ditto 버전.,14000,5,판매자4,ON_SALE
뉴진스,뉴진스 혜린 포토카드,혜린 공식 포토카드. Get Up 버전.,14500,6,판매자4,ON_SALE
뉴진스,뉴진스 다니엘 포토카드,다니엘 공식 포토카드. OMG 버전.,15500,4,판매자4,ON_SALE
뉴진스,뉴진스 해린 포토카드,해린 공식 포토카드. New Jeans 버전.,14000,7,판매자4,ON_SALE
뉴진스,뉴진스 공식 파우치,뉴진스 공식 굿즈 파우치. 토끼 디자인.,28000,10,판매자4,ON_SALE
뉴진스,뉴진스 New Jeans 앨범,데뷔 앨범 New Jeans. 미개봉 상태.,18000,4,판매자5,ON_SALE
에스파,에스파 DRAMA 앨범,에스파 미니 4집 DRAMA. 포토북 및 포토카드 포함. 미개봉 새상품.,18000,5,판매자2,ON_SALE
에스파,에스파 윈터 포토카드,윈터 공식 포토카드. Savage 앨범 버전. 상태 S급.,20000,8,판매자2,ON_SALE
에스파,에스파 나비 막대,에스파 공식 응원봉 나비 막대. 1세대 버전.,42000,3,판매자2,ON_SALE
에스파,에스파 카리나 포토카드,카리나 공식 포토카드. Girls 앨범 버전.,25000,7,판매자2,ON_SALE
에스파,에스파 시즌 그리팅 2024,에스파 2024 시즌그리팅. 미개봉 풀세트.,48000,2,판매자2,ON_SALE
에스파,에스파 지젤 포토카드,지젤 공식 포토카드. MY WORLD 버전.,18000,6,판매자5,ON_SALE
에스파,에스파 닝닝 포토카드,닝닝 공식 포토카드. Savage 버전.,19000,5,판매자5,ON_SALE
에스파,에스파 Savage 앨범,에스파 미니 1집 Savage. 포토카드 포함.,19000,4,판매자5,ON_SALE
에스파,에스파 Girls 앨범,에스파 미니 2집 Girls. 미개봉 상태.,20000,3,판매자5,ON_SALE
에스파,에스파 MY WORLD 앨범,에스파 미니 3집 MY WORLD. 포토북 포함.,19500,5,판매자5,ON_SALE
세븐틴,세븐틴 FML 앨범,세븐틴 정규 10집 FML 앨범. 포토카드 랜덤 포함.,19000,6,판매자2,ON_SALE
세븐틴,세븐틴 에스쿱스 포토카드,에스쿱스 공식 포토카드. HOT 앨범 버전.,12000,4,판매자2,ON_SALE
세븐틴,세븐틴 공식 응원봉,세븐틴 크랫봉 버전2. 블루투스 연동 가능.,47000,2,판매자2,ON_SALE
세븐틴,세븐틴 디노 포토카드,디노 공식 포토카드. Face the Sun 버전.,10000,5,판매자2,ON_SALE
세븐틴,세븐틴 Season's Greetings,2024 시즌그리팅. 다이어리 포함 풀세트.,45000,3,판매자2,ON_SALE
세븐틴,세븐틴 정한 포토카드,정한 공식 포토카드. Attacca 버전.,11000,6,판매자6,ON_SALE
세븐틴,세븐틴 조슈아 포토카드,조슈아 공식 포토카드. Your Choice 버전.,11500,5,판매자6,ON_SALE
세븐틴,세븐틴 준 포토카드,준 공식 포토카드. Heng:garae 버전.,10500,7,판매자6,ON_SALE
세븐틴,세븐틴 호시 포토카드,호시 공식 포토카드. Semicolon 버전.,11000,6,판매자6,ON_SALE
세븐틴,세븐틴 원우 포토카드,원우 공식 포토카드. FML 버전.,12500,8,판매자6,ON_SALE
원피스,원피스 루피 피규어,몽키 D. 루피 기어5 피규어. 프리미엄 버전. 미개봉.,85000,4,판매자3,ON_SALE
원피스,원피스 조로 피규어,로로노아 조로 삼도류 버전 피규어. 한정판.,78000,3,판매자3,ON_SALE
원피스,원피스 에이스 피규어,포트거스 D 에이스 메라메라 열매 버전. 희귀템.,95000,2,판매자3,ON_SALE
원피스,원피스 만화책 1-105권,원피스 만화책 전권 세트. 1권부터 105권. 상태 양호.,350000,1,판매자3,ON_SALE
원피스,원피스 초퍼 인형,토니토니 초퍼 인형. 대형 사이즈. 공식 라이센스.,35000,10,판매자3,ON_SALE
원피스,원피스 카드게임 부스터박스,원피스 카드게임 부스터 박스. 미개봉 정품.,52000,5,판매자3,ON_SALE
원피스,원피스 나미 피규어,나미 웨더리아 버전 피규어. 고퀄리티.,72000,3,판매자7,ON_SALE
원피스,원피스 상디 피규어,상디 디아블 잠브 버전. 한정판.,75000,2,판매자7,ON_SALE
원피스,원피스 로 피규어,트라팔가 로 ROOM 버전 피규어.,82000,4,판매자7,ON_SALE
원피스,원피스 샹크스 피규어,샹크스 사황 버전. 프리미엄 피규어.,98000,2,판매자7,ON_SALE
나루토,나루토 우즈마키 나루토 피규어,나루토 선인모드 피규어. 고퀄리티 한정판.,68000,5,판매자3,ON_SALE
나루토,나루토 사스케 피규어,우치하 사스케 사륜안 버전. 디테일 최상급.,72000,4,판매자3,ON_SALE
나루토,나루토 카카시 피규어,하타케 카카시 사륜안 버전. 인기상품.,65000,3,판매자3,ON_SALE
나루토,나루토 아카츠키 망토,나루토 아카츠키 공식 코스프레 망토. 사이즈 L.,45000,6,판매자3,ON_SALE
나루토,나루토 만화책 전권,나루토 만화책 1-72권 완결 세트. 상태 A급.,280000,1,판매자3,ON_SALE
나루토,나루토 이타치 피규어,우치하 이타치 만화경 사륜안 버전.,75000,3,판매자7,ON_SALE
나루토,나루토 지라이야 피규어,지라이야 선인모드. 프리미엄 피규어.,70000,2,판매자7,ON_SALE
나루토,나루토 마다라 피규어,우치하 마다라 윤회안 버전.,88000,2,판매자7,ON_SALE
나루토,나루토 오비토 피규어,우치하 오비토 가면 버전.,72000,3,판매자7,ON_SALE
나루토,나루토 미나토 피규어,나미카제 미나토 4대 호카게 버전.,76000,3,판매자7,ON_SALE
귀멸의 칼날,귀멸의 칼날 탄지로 피규어,카마도 탄지로 히노카미 카구라 버전 피규어.,58000,7,판매자3,ON_SALE
귀멸의 칼날,귀멸의 칼날 네즈코 피규어,카마도 네즈코 귀화 버전. 고퀄리티 피규어.,62000,6,판매자3,ON_SALE
귀멸의 칼날,귀멸의 칼날 렌고쿠 피규어,렌고쿠 쿄쥬로 염주 버전. 한정판 상품.,75000,4,판매자3,ON_SALE
귀멸의 칼날,귀멸의 칼날 일륜도 키링,귀멸의 칼날 일륜도 미니어처 키링. 여러 캐릭터 버전.,8000,15,판매자3,ON_SALE
귀멸의 칼날,귀멸의 칼날 만화책 1-23권,귀멸의 칼날 완결 세트. 전권 새책.,180000,2,판매자3,ON_SALE
귀멸의 칼날,귀멸의 칼날 시노부 피규어,코쵸 시노부 벌주 버전. 고퀄리티.,68000,5,판매자3,ON_SALE
귀멸의 칼날,귀멸의 칼날 기유 피규어,토미오카 기유 수주 버전.,66000,4,판매자8,ON_SALE
귀멸의 칼날,귀멸의 칼날 이노스케 피규어,하시비라 이노스케 전투 버전.,59000,5,판매자8,ON_SALE
귀멸의 칼날,귀멸의 칼날 젠이츠 피규어,아가츠마 젠이츠 뇌의 호흡 버전.,60000,6,판매자8,ON_SALE
귀멸의 칼날,귀멸의 칼날 무잔 피규어,키부츠지 무잔 귀살대 버전.,79000,3,판매자8,ON_SALE
리그오브레전드,LOL 아리 피규어,리그오브레전드 아리 K/DA 버전 피규어. 공식 라이센스.,95000,4,판매자4,ON_SALE
리그오브레전드,LOL 야스오 피규어,야스오 하이눈 스킨 피규어. 한정판.,88000,3,판매자4,ON_SALE
리그오브레전드,LOL 징크스 피규어,징크스 오디세이 스킨 버전. 고퀄리티.,82000,5,판매자4,ON_SALE
리그오브레전드,LOL 공식 마우스패드,리그오브레전드 공식 게이밍 마우스패드. 대형.,35000,10,판매자4,ON_SALE
리그오브레전드,LOL 월드챔피언십 기념 저지,2023 LOL 월즈 우승팀 T1 저지. 공식 상품.,120000,2,판매자4,ON_SALE
리그오브레전드,LOL 아칼리 피규어,아칼리 K/DA 버전. 프리미엄 피규어.,92000,3,판매자8,ON_SALE
리그오브레전드,LOL 이블린 피규어,이블린 K/DA 버전. 한정판.,89000,2,판매자8,ON_SALE
리그오브레전드,LOL 카이사 피규어,카이사 K/DA 버전. 고퀄리티.,91000,4,판매자8,ON_SALE
리그오브레전드,LOL 세라핀 피규어,세라핀 K/DA 버전.,87000,3,판매자8,ON_SALE
리그오브레전드,LOL 페이커 유니폼,페이커 선수 T1 유니폼. 사인본.,250000,1,판매자8,ON_SALE
발로란트,발로란트 제트 피규어,발로란트 제트 캐릭터 피규어. 공식 라이센스.,65000,6,판매자4,ON_SALE
발로란트,발로란트 레이나 피규어,레이나 캐릭터 피규어. 고퀄리티 도색.,68000,4,판매자4,ON_SALE
발로란트,발로란트 공식 키보드,발로란트 에디션 게이밍 키보드. 기계식 청축.,180000,3,판매자4,ON_SALE
발로란트,발로란트 마우스,발로란트 공식 게이밍 마우스. RGB 라이팅.,95000,5,판매자4,ON_SALE
발로란트,발로란트 포스터 세트,발로란트 캐릭터 포스터 5종 세트. A2 사이즈.,25000,8,판매자4,ON_SALE
발로란트,발로란트 세이지 피규어,세이지 캐릭터 피규어. 한정판.,67000,4,판매자9,ON_SALE
발로란트,발로란트 소바 피규어,소바 캐릭터 피규어. 공식 제품.,66000,5,판매자9,ON_SALE
발로란트,발로란트 피닉스 피규어,피닉스 캐릭터 피규어.,64000,6,판매자9,ON_SALE
발로란트,발로란트 바이퍼 피규어,바이퍼 캐릭터 피규어.,69000,3,판매자9,ON_SALE
발로란트,발로란트 헤드셋,발로란트 공식 게이밍 헤드셋.,145000,2,판매자9,ON_SALE
오버워치,오버워치 트레이서 피규어,트레이서 넨도로이드 피규어. 공식 제품.,58000,5,판매자4,ON_SALE
오버워치,오버워치 디바 피규어,D.Va 메카 포함 피규어 세트. 한정판.,120000,4,판매자4,ON_SALE
오버워치,오버워치 리퍼 피규어,리퍼 블랙워치 스킨 피규어.,72000,3,판매자4,ON_SALE
오버워치,오버워치 공식 헤드셋,오버워치 에디션 게이밍 헤드셋. 7.1 서라운드.,150000,2,판매자4,ON_SALE
오버워치,오버워치 아트북,오버워치 공식 아트북. 하드커버 한정판.,55000,6,판매자4,ON_SALE
오버워치,오버워치 메르시 피규어,메르시 발키리 스킨 피규어.,75000,4,판매자9,ON_SALE
오버워치,오버워치 겐지 피규어,겐지 용검 버전 피규어.,78000,3,판매자9,ON_SALE
오버워치,오버워치 한조 피규어,한조 용의 일격 버전.,76000,4,판매자9,ON_SALE
오버워치,오버워치 위도우메이커 피규어,위도우메이커 저격수 버전.,77000,3,판매자9,ON_SALE
오버워치,오버워치 라인하르트 피규어,라인하르트 전투 갑옷 버전.,95000,2,판매자9,ON_SALE
산리오,헬로키티 인형,헬로키티 대형 인형. 50cm 사이즈. 공식 라이센스.,45000,10,판매자5,ON_SALE
산리오,시나모롤 파우치,시나모롤 방수 파우치. 여행용 대형 사이즈.,28000,15,판매자5,ON_SALE
산리오,쿠로미 가방,쿠로미 에코백. 튼튼한 캔버스 소재.,35000,8,판매자5,ON_SALE
산리오,마이멜로디 텀블러,마이멜로디 보온 텀블러. 500ml 용량.,32000,12,판매자5,ON_SALE
산리오,폼폼푸린 쿠션,폼폼푸린 캐릭터 쿠션. 40cm 사이즈.,38000,6,판매자5,ON_SALE
산리오,산리오 스티커 세트,산리오 캐릭터 스티커 100장 세트.,15000,20,판매자5,ON_SALE
산리오,헬로키티 필통,헬로키티 공식 펜케이스. 대용량.,22000,15,판매자10,ON_SALE
산리오,시나모롤 인형,시나모롤 중형 인형. 35cm 사이즈.,38000,8,판매자10,ON_SALE
산리오,쿠로미 인형,쿠로미 대형 인형. 45cm 사이즈.,42000,7,판매자10,ON_SALE
산리오,마이멜로디 인형,마이멜로디 대형 인형. 50cm.,46000,6,판매자10,ON_SALE
디즈니,미키마우스 피규어,클래식 미키마우스 피규어. 빈티지 스타일.,55000,8,판매자5,ON_SALE
디즈니,겨울왕국 엘사 인형,겨울왕국2 엘사 노래하는 인형. 공식 제품.,48000,10,판매자5,ON_SALE
디즈니,토이스토리 우디 인형,토이스토리 우디 음성 인형. 45cm 대형.,62000,5,판매자5,ON_SALE
디즈니,디즈니 프린세스 피규어 세트,디즈니 프린세스 7종 피규어 세트.,85000,4,판매자5,ON_SALE
디즈니,스티치 인형,릴로 앤 스티치 대형 인형. 60cm 사이즈.,52000,12,판매자5,ON_SALE
디즈니,디즈니 레고 성 세트,디즈니 캐슬 레고 세트. 4000피스 이상.,380000,3,판매자5,ON_SALE
디즈니,미니마우스 인형,미니마우스 대형 인형. 50cm.,49000,9,판매자10,ON_SALE
디즈니,겨울왕국 안나 인형,겨울왕국2 안나 인형. 공식 제품.,46000,8,판매자10,ON_SALE
디즈니,토이스토리 버즈 라이트이어,버즈 라이트이어 음성 인형. 40cm.,58000,6,판매자10,ON_SALE
디즈니,디즈니 곰돌이 푸 인형,곰돌이 푸 대형 인형. 55cm.,47000,7,판매자10,ON_SALE
라인프렌즈,브라운 인형,라인프렌즈 브라운 대형 인형. 70cm 사이즈.,58000,15,판매자5,ON_SALE
라인프렌즈,코니 인형,라인프렌즈 코니 중형 인형. 50cm.,45000,12,판매자5,ON_SALE
라인프렌즈,샐리 파우치,라인프렌즈 샐리 화장품 파우치.,22000,20,판매자5,ON_SALE
라인프렌즈,BT21 타타 인형,BT21 타타 캐릭터 인형. BTS 콜라보.,42000,10,판매자5,ON_SALE
라인프렌즈,BT21 쿠키 인형,BT21 쿠키 캐릭터 인형.,42000,10,판매자5,ON_SALE
라인프렌즈,라인프렌즈 텀블러,라인프렌즈 캐릭터 보온 텀블러 세트.,35000,18,판매자5,ON_SALE
라인프렌즈,BT21 RJ 인형,BT21 RJ 캐릭터 인형.,41000,11,판매자10,ON_SALE
라인프렌즈,BT21 치미 인형,BT21 치미 캐릭터 인형.,40000,12,판매자10,ON_SALE
라인프렌즈,BT21 코야 인형,BT21 코야 캐릭터 인형.,41500,10,판매자10,ON_SALE
라인프렌즈,BT21 망 인형,BT21 망 캐릭터 인형.,39000,13,판매자10,ON_SALE
마블,아이언맨 헬멧 레플리카,아이언맨 마크 85 헬멧 1:1 레플리카. LED 작동.,450000,2,판매자6,ON_SALE
마블,캡틴 아메리카 방패,캡틴 아메리카 진동금 방패 레플리카. 금속 재질.,320000,3,판매자6,ON_SALE
마블,토르 망치 묠니르,토르 망치 묠니르 레플리카. 무거운 중량감.,280000,4,판매자6,ON_SALE
마블,스파이더맨 피규어,스파이더맨 노 웨이 홈 버전 피규어.,75000,8,판매자6,ON_SALE
마블,어벤져스 무한의 건틀릿,타노스 무한의 건틀릿 레플리카. LED 인피니티 스톤.,180000,5,판매자6,ON_SALE
마블,블랙 팬서 헬멧,블랙 팬서 헬멧 레플리카. 와칸다 포에버.,250000,3,판매자6,ON_SALE
마블,헐크 피규어,헐크 스매시 버전 피규어. 대형 사이즈.,95000,4,판매자10,ON_SALE
마블,블랙 위도우 피규어,블랙 위도우 액션 피규어.,72000,6,판매자10,ON_SALE
마블,호크아이 피규어,호크아이 활 포함 피규어.,68000,5,판매자10,ON_SALE
마블,닥터 스트레인지 피규어,닥터 스트레인지 마법 버전.,78000,4,판매자10,ON_SALE
해리포터,해리포터 마법 지팡이,해리포터 공식 마법 지팡이. 올리밴더 제작.,55000,10,판매자6,ON_SALE
해리포터,호그와트 교복 그리핀도르,그리핀도르 기숙사 교복 풀세트. 망토 포함.,180000,5,판매자6,ON_SALE
해리포터,해리포터 마법책 세트,해리포터 전집 7권 양장본 특별판.,220000,3,판매자6,ON_SALE
해리포터,헤드윅 봉제인형,해리포터 올빼미 헤드윅 대형 인형.,48000,8,판매자6,ON_SALE
해리포터,골든 스니치,해리포터 골든 스니치 장식품. 날개 움직임.,35000,12,판매자6,ON_SALE
해리포터,마법사의 체스 세트,해리포터 마법사의 체스 럭셔리 세트.,280000,4,판매자6,ON_SALE
해리포터,론 위즐리 마법 지팡이,론 위즐리 공식 마법 지팡이.,52000,8,판매자10,ON_SALE
해리포터,헤르미온느 마법 지팡이,헤르미온느 공식 마법 지팡이.,54000,9,판매자10,ON_SALE
해리포터,덤블도어 마법 지팡이,덤블도어 엘더 완드. 프리미엄 버전.,68000,5,판매자10,ON_SALE
해리포터,볼드모트 마법 지팡이,볼드모트 마법 지팡이. 한정판.,62000,6,판매자10,ON_SALE
방탄소년단,BTS 테형 포토카드,테형 공식 포토카드. Dynamite 버전.,9000,12,판매자3,ON_SALE
방탄소년단,BTS 제이홉 포토카드,제이홉 공식 포토카드. MORE 버전.,9500,11,판매자3,ON_SALE
방탄소년단,BTS 슈가 포토카드,슈가 공식 포토카드. Daechwita 버전.,10000,10,판매자3,ON_SALE
방탄소년단,BTS 진 포토카드,진 공식 포토카드. The Astronaut 버전.,10500,9,판매자3,ON_SALE
방탄소년단,BTS 공식 키링 세트,BTS 멤버 키링 7종 세트.,35000,8,판매자3,ON_SALE
블랙핑크,블랙핑크 공식 키링,블랙핑크 멤버 키링 4종 세트.,28000,10,판매자4,ON_SALE
블랙핑크,블랙핑크 공식 슬로건,블랙핑크 콘서트 슬로건. LED 기능.,42000,5,판매자4,ON_SALE
블랙핑크,블랙핑크 머그컵 세트,블랙핑크 공식 머그컵 4종.,38000,7,판매자4,ON_SALE
블랙핑크,블랙핑크 패브릭 포스터,블랙핑크 대형 패브릭 포스터. 100cm.,32000,6,판매자4,ON_SALE
블랙핑크,블랙핑크 뱃지 세트,블랙핑크 공식 뱃지 10종 세트.,18000,12,판매자4,ON_SALE
뉴진스,뉴진스 공식 키링,뉴진스 멤버 키링 5종 세트.,30000,9,판매자5,ON_SALE
뉴진스,뉴진스 공식 스티커,뉴진스 스티커 50장 세트.,12000,15,판매자5,ON_SALE
뉴진스,뉴진스 폰케이스,뉴진스 공식 폰케이스. 아이폰/갤럭시 호환.,25000,10,판매자5,ON_SALE
뉴진스,뉴진스 에코백,뉴진스 공식 에코백. 캔버스 소재.,28000,8,판매자5,ON_SALE
뉴진스,뉴진스 뱃지 세트,뉴진스 공식 뱃지 8종.,16000,11,판매자5,ON_SALE
에스파,에스파 공식 키링,에스파 멤버 키링 4종 세트.,27000,10,판매자6,ON_SALE
에스파,에스파 공식 슬로건,에스파 콘서트 공식 슬로건.,39000,6,판매자6,ON_SALE
에스파,에스파 머그컵,에스파 공식 머그컵. 로고 디자인.,22000,12,판매자6,ON_SALE
에스파,에스파 폰케이스,에스파 공식 폰케이스. 다양한 기종.,24000,9,판매자6,ON_SALE
에스파,에스파 패브릭 포스터,에스파 대형 패브릭 포스터.,31000,7,판매자6,ON_SALE
세븐틴,세븐틴 민규 포토카드,민규 공식 포토카드. SEVENTEEN HEAVEN 버전.,11500,8,판매자7,ON_SALE
세븐틴,세븐틴 우지 포토카드,우지 공식 포토카드. Super 버전.,11000,9,판매자7,ON_SALE
세븐틴,세븐틴 도겸 포토카드,도겸 공식 포토카드. Home;Run 버전.,10500,10,판매자7,ON_SALE
세븐틴,세븐틴 승관 포토카드,승관 공식 포토카드. Ready to love 버전.,10000,11,판매자7,ON_SALE
세븐틴,세븐틴 버논 포토카드,버논 공식 포토카드. Rock with you 버전.,11500,7,판매자7,ON_SALE
원피스,원피스 프랑키 피규어,프랑키 제너럴 프랑키 버전.,68000,5,판매자8,ON_SALE
원피스,원피스 브룩 피규어,브룩 소울킹 버전 피규어.,65000,4,판매자8,ON_SALE
원피스,원피스 로빈 피규어,니코 로빈 하나하나 열매 버전.,71000,6,판매자8,ON_SALE
원피스,원피스 우솝 피규어,우솝 저격수 버전 피규어.,62000,5,판매자8,ON_SALE
원피스,원피스 티셔츠,원피스 공식 티셔츠. 사이즈 L.,32000,10,판매자8,ON_SALE
나루토,나루토 가아라 피규어,가아라 모래 조종 버전.,69000,4,판매자9,ON_SALE
나루토,나루토 네지 피규어,휴가 네지 백안 버전.,66000,5,판매자9,ON_SALE
나루토,나루토 록 리 피규어,록 리 8문둔갑 버전.,67000,4,판매자9,ON_SALE
나루토,나루토 히나타 피규어,휴가 히나타 백안 버전.,68000,5,판매자9,ON_SALE
나루토,나루토 티셔츠,나루토 공식 티셔츠. 사이즈 M.,31000,12,판매자9,ON_SALE
귀멸의 칼날,귀멸의 칼날 우즈이 피규어,우즈이 텐겐 음주 버전.,71000,4,판매자10,ON_SALE
귀멸의 칼날,귀멸의 칼날 미츠리 피규어,칸로지 미츠리 연주 버전.,69000,5,판매자10,ON_SALE
귀멸의 칼날,귀멸의 칼날 오바나이 피규어,이구로 오바나이 사주 버전.,70000,4,판매자10,ON_SALE
귀멸의 칼날,귀멸의 칼날 산에미 피규어,시나즈가와 산에미 풍주 버전.,72000,3,판매자10,ON_SALE
귀멸의 칼날,귀멸의 칼날 티셔츠,귀멸의 칼날 공식 티셔츠. 사이즈 L.,33000,11,판매자10,ON_SALE
리그오브레전드,LOL 럭스 피규어,럭스 별 수호자 스킨 버전.,85000,5,판매자1,ON_SALE
리그오브레전드,LOL 리산드라 피규어,리산드라 얼음 여제 버전.,83000,4,판매자1,ON_SALE
리그오브레전드,LOL 조이 피규어,조이 우주 비행사 스킨.,81000,6,판매자1,ON_SALE
리그오브레전드,LOL 이즈리얼 피규어,이즈리얼 펄스건 스킨.,84000,5,판매자1,ON_SALE
리그오브레전드,LOL 티셔츠,리그오브레전드 공식 티셔츠.,35000,15,판매자1,ON_SALE
발로란트,발로란트 오멘 피규어,오멘 캐릭터 피규어.,68000,5,판매자2,ON_SALE
발로란트,발로란트 브림스톤 피규어,브림스톤 캐릭터 피규어.,65000,6,판매자2,ON_SALE
발로란트,발로란트 레이즈 피규어,레이즈 캐릭터 피규어.,67000,5,판매자2,ON_SALE
발로란트,발로란트 킬조이 피규어,킬조이 캐릭터 피규어.,69000,4,판매자2,ON_SALE
발로란트,발로란트 티셔츠,발로란트 공식 티셔츠. 사이즈 M.,34000,12,판매자2,ON_SALE
오버워치,오버워치 솔저76 피규어,솔저76 전투복 버전.,74000,5,판매자3,ON_SALE
오버워치,오버워치 맥크리 피규어,맥크리 카우보이 버전.,73000,4,판매자3,ON_SALE
오버워치,오버워치 파라 피규어,파라 로켓 런처 버전.,76000,5,판매자3,ON_SALE
오버워치,오버워치 자리야 피규어,자리야 중력포 버전.,77000,4,판매자3,ON_SALE
오버워치,오버워치 티셔츠,오버워치 공식 티셔츠. 사이즈 L.,36000,11,판매자3,ON_SALE
산리오,폼폼푸린 파우치,폼폼푸린 메이크업 파우치.,26000,14,판매자4,ON_SALE
산리오,키키라라 파우치,키키라라 공식 파우치.,27000,13,판매자4,ON_SALE
산리오,헬로키티 거울,헬로키티 휴대용 거울.,18000,16,판매자4,ON_SALE
산리오,시나모롤 거울,시나모롤 스탠드 거울.,19000,15,판매자4,ON_SALE
산리오,쿠로미 거울,쿠로미 휴대용 거울.,18500,14,판매자4,ON_SALE
디즈니,미키마우스 머그컵,미키마우스 공식 머그컵.,24000,12,판매자5,ON_SALE
디즈니,미니마우스 머그컵,미니마우스 공식 머그컵.,23000,13,판매자5,ON_SALE
디즈니,스티치 머그컵,스티치 캐릭터 머그컵.,25000,11,판매자5,ON_SALE
디즈니,엘사 머그컵,겨울왕국 엘사 머그컵.,24500,12,판매자5,ON_SALE
디즈니,안나 머그컵,겨울왕국 안나 머그컵.,24000,11,판매자5,ON_SALE
라인프렌즈,브라운 파우치,브라운 공식 파우치.,25000,15,판매자6,ON_SALE
라인프렌즈,코니 파우치,코니 공식 파우치.,24000,16,판매자6,ON_SALE
라인프렌즈,샐리 가방,샐리 미니 크로스백.,38000,10,판매자6,ON_SALE
라인프렌즈,브라운 가방,브라운 백팩. 대용량.,52000,8,판매자6,ON_SALE
라인프렌즈,코니 가방,코니 숄더백.,45000,9,판매자6,ON_SALE
마블,와칸다 티셔츠,블랙 팬서 와칸다 티셔츠.,38000,10,판매자7,ON_SALE
마블,아이언맨 티셔츠,아이언맨 공식 티셔츠.,37000,12,판매자7,ON_SALE
마블,스파이더맨 티셔츠,스파이더맨 공식 티셔츠.,36000,13,판매자7,ON_SALE
마블,캡틴 아메리카 티셔츠,캡틴 아메리카 공식 티셔츠.,37500,11,판매자7,ON_SALE
마블,토르 티셔츠,토르 공식 티셔츠.,38000,10,판매자7,ON_SALE
해리포터,슬리데린 교복,슬리데린 기숙사 교복 풀세트.,175000,4,판매자8,ON_SALE
해리포터,후플푸프 교복,후플푸프 기숙사 교복 풀세트.,172000,5,판매자8,ON_SALE
해리포터,래번클로 교복,래번클로 기숙사 교복 풀세트.,173000,4,판매자8,ON_SALE
해리포터,해리포터 티셔츠,해리포터 공식 티셔츠.,34000,14,판매자8,ON_SALE
해리포터,호그와트 티셔츠,호그와트 로고 티셔츠.,35000,13,판매자8,ON_SALE
방탄소년단,BTS 공식 목걸이,BTS 로고 목걸이. 실버 재질.,42000,8,판매자9,ON_SALE
방탄소년단,BTS 공식 반지,BTS 멤버 이니셜 반지.,38000,10,판매자9,ON_SALE
방탄소년단,BTS 공식 팔찌,BTS 로고 팔찌. 가죽 재질.,35000,12,판매자9,ON_SALE
방탄소년단,BTS 공식 귀걸이,BTS 로고 귀걸이. 스틸 재질.,32000,11,판매자9,ON_SALE
방탄소년단,BTS 공식 브로치,BTS 멤버 캐릭터 브로치.,28000,14,판매자9,ON_SALE
블랙핑크,블랙핑크 목걸이,블랙핑크 로고 목걸이.,39000,9,판매자10,ON_SALE
블랙핑크,블랙핑크 반지,블랙핑크 공식 반지.,36000,11,판매자10,ON_SALE
블랙핑크,블랙핑크 팔찌,블랙핑크 로고 팔찌.,34000,12,판매자10,ON_SALE
블랙핑크,블랙핑크 귀걸이,블랙핑크 공식 귀걸이.,31000,13,판매자10,ON_SALE
블랙핑크,블랙핑크 브로치,블랙핑크 멤버 브로치.,27000,15,판매자10,ON_SALE
뉴진스,뉴진스 목걸이,뉴진스 토끼 목걸이.,37000,10,판매자1,ON_SALE
뉴진스,뉴진스 반지,뉴진스 공식 반지.,34000,12,판매자1,ON_SALE
뉴진스,뉴진스 팔찌,뉴진스 로고 팔찌.,32000,13,판매자1,ON_SALE
뉴진스,뉴진스 귀걸이,뉴진스 토끼 귀걸이.,29000,14,판매자1,ON_SALE
뉴진스,뉴진스 브로치,뉴진스 캐릭터 브로치.,26000,16,판매자1,ON_SALE
에스파,에스파 목걸이,에스파 로고 목걸이.,38000,10,판매자2,ON_SALE
에스파,에스파 반지,에스파 공식 반지.,35000,11,판매자2,ON_SALE
에스파,에스파 팔찌,에스파 로고 팔찌.,33000,12,판매자2,ON_SALE
에스파,에스파 귀걸이,에스파 공식 귀걸이.,30000,13,판매자2,ON_SALE
에스파,에스파 브로치,에스파 멤버 브로치.,27500,14,판매자2,ON_SALE
세븐틴,세븐틴 목걸이,세븐틴 로고 목걸이.,36000,11,판매자3,ON_SALE
세븐틴,세븐틴 반지,세븐틴 공식 반지.,33000,12,판매자3,ON_SALE
세븐틴,세븐틴 팔찌,세븐틴 로고 팔찌.,31000,13,판매자3,ON_SALE
세븐틴,세븐틴 귀걸이,세븐틴 공식 귀걸이.,28000,14,판매자3,ON_SALE
세븐틴,세븐틴 브로치,세븐틴 멤버 브로치.,26000,15,판매자3,ON_SALE
원피스,원피스 모자,밀짚모자 해적단 모자.,28000,12,판매자4,ON_SALE
원피스,원피스 가방,원피스 캐릭터 백팩.,55000,8,판매자4,ON_SALE
원피스,원피스 지갑,원피스 공식 지갑.,32000,10,판매자4,ON_SALE
원피스,원피스 필통,원피스 캐릭터 필통.,18000,15,판매자4,ON_SALE
원피스,원피스 파우치,원피스 공식 파우치.,22000,13,판매자4,ON_SALE
나루토,나루토 모자,나루토 이마보호대 모자.,26000,14,판매자5,ON_SALE
나루토,나루토 가방,나루토 아카츠키 백팩.,52000,9,판매자5,ON_SALE
나루토,나루토 지갑,나루토 공식 지갑.,30000,11,판매자5,ON_SALE
나루토,나루토 필통,나루토 캐릭터 필통.,17000,16,판매자5,ON_SALE
나루토,나루토 파우치,나루토 공식 파우치.,21000,14,판매자5,ON_SALE
귀멸의 칼날,귀멸의 칼날 모자,귀멸의 칼날 로고 모자.,27000,13,판매자6,ON_SALE
귀멸의 칼날,귀멸의 칼날 가방,귀멸의 칼날 백팩.,54000,8,판매자6,ON_SALE
귀멸의 칼날,귀멸의 칼날 지갑,귀멸의 칼날 공식 지갑.,31000,10,판매자6,ON_SALE
귀멸의 칼날,귀멸의 칼날 필통,귀멸의 칼날 캐릭터 필통.,18500,15,판매자6,ON_SALE
귀멸의 칼날,귀멸의 칼날 파우치,귀멸의 칼날 공식 파우치.,22500,12,판매자6,ON_SALE
리그오브레전드,LOL 모자,리그오브레전드 로고 모자.,29000,12,판매자7,ON_SALE
리그오브레전드,LOL 가방,리그오브레전드 게이밍 백팩.,58000,7,판매자7,ON_SALE
리그오브레전드,LOL 지갑,리그오브레전드 공식 지갑.,33000,10,판매자7,ON_SALE
리그오브레전드,LOL 필통,리그오브레전드 로고 필통.,19000,14,판매자7,ON_SALE
리그오브레전드,LOL 파우치,리그오브레전드 공식 파우치.,23000,13,판매자7,ON_SALE
발로란트,발로란트 모자,발로란트 로고 모자.,28000,13,판매자8,ON_SALE
발로란트,발로란트 가방,발로란트 게이밍 백팩.,56000,8,판매자8,ON_SALE
발로란트,발로란트 지갑,발로란트 공식 지갑.,32000,11,판매자8,ON_SALE
발로란트,발로란트 필통,발로란트 로고 필통.,18500,15,판매자8,ON_SALE
발로란트,발로란트 파우치,발로란트 공식 파우치.,22500,14,판매자8,ON_SALE
오버워치,오버워치 모자,오버워치 로고 모자.,29000,12,판매자9,ON_SALE
오버워치,오버워치 가방,오버워치 게이밍 백팩.,57000,8,판매자9,ON_SALE
오버워치,오버워치 지갑,오버워치 공식 지갑.,33000,10,판매자9,ON_SALE
오버워치,오버워치 필통,오버워치 로고 필통.,19000,14,판매자9,ON_SALE
오버워치,오버워치 파우치,오버워치 공식 파우치.,23000,13,판매자9,ON_SALE
산리오,헬로키티 슬리퍼,헬로키티 실내 슬리퍼.,22000,15,판매자10,ON_SALE
산리오,시나모롤 슬리퍼,시나모롤 실내 슬리퍼.,21000,16,판매자10,ON_SALE
산리오,쿠로미 슬리퍼,쿠로미 실내 슬리퍼.,21500,15,판매자10,ON_SALE
산리오,마이멜로디 슬리퍼,마이멜로디 실내 슬리퍼.,22000,14,판매자10,ON_SALE
산리오,폼폼푸린 슬리퍼,폼폼푸린 실내 슬리퍼.,21500,15,판매자10,ON_SALE
디즈니,미키마우스 슬리퍼,미키마우스 실내 슬리퍼.,24000,13,판매자1,ON_SALE
디즈니,미니마우스 슬리퍼,미니마우스 실내 슬리퍼.,23000,14,판매자1,ON_SALE
디즈니,스티치 슬리퍼,스티치 실내 슬리퍼.,24500,12,판매자1,ON_SALE
디즈니,엘사 슬리퍼,겨울왕국 엘사 슬리퍼.,23500,13,판매자1,ON_SALE
디즈니,안나 슬리퍼,겨울왕국 안나 슬리퍼.,23000,14,판매자1,ON_SALE
라인프렌즈,브라운 슬리퍼,브라운 실내 슬리퍼.,25000,14,판매자2,ON_SALE
라인프렌즈,코니 슬리퍼,코니 실내 슬리퍼.,24000,15,판매자2,ON_SALE
라인프렌즈,샐리 슬리퍼,샐리 실내 슬리퍼.,23000,16,판매자2,ON_SALE
라인프렌즈,BT21 타타 슬리퍼,BT21 타타 슬리퍼.,26000,12,판매자2,ON_SALE
라인프렌즈,BT21 쿠키 슬리퍼,BT21 쿠키 슬리퍼.,25500,13,판매자2,ON_SALE
마블,아이언맨 후드티,아이언맨 공식 후드티.,55000,10,판매자3,ON_SALE
마블,스파이더맨 후드티,스파이더맨 공식 후드티.,54000,11,판매자3,ON_SALE
마블,캡틴 아메리카 후드티,캡틴 아메리카 공식 후드티.,55000,10,판매자3,ON_SALE
마블,토르 후드티,토르 공식 후드티.,56000,9,판매자3,ON_SALE
마블,헐크 후드티,헐크 공식 후드티.,54000,11,판매자3,ON_SALE
해리포터,그리핀도르 후드티,그리핀도르 기숙사 후드티.,52000,12,판매자4,ON_SALE
해리포터,슬리데린 후드티,슬리데린 기숙사 후드티.,51000,13,판매자4,ON_SALE
해리포터,후플푸프 후드티,후플푸프 기숙사 후드티.,50000,14,판매자4,ON_SALE
해리포터,래번클로 후드티,래번클로 기숙사 후드티.,51000,13,판매자4,ON_SALE
해리포터,호그와트 후드티,호그와트 로고 후드티.,53000,11,판매자4,ON_SALE
방탄소년단,BTS 후드티,BTS 로고 후드티. 사이즈 L.,58000,10,판매자5,ON_SALE
방탄소년단,BTS 맨투맨,BTS 로고 맨투맨. 사이즈 M.,52000,12,판매자5,ON_SALE
방탄소년단,BTS 바지,BTS 공식 트레이닝 바지.,48000,11,판매자5,ON_SALE
방탄소년단,BTS 모자,BTS 로고 캡 모자.,32000,15,판매자5,ON_SALE
방탄소년단,BTS 양말 세트,BTS 멤버 양말 7종 세트.,28000,18,판매자5,ON_SALE
블랙핑크,블랙핑크 후드티,블랙핑크 로고 후드티.,56000,11,판매자6,ON_SALE
블랙핑크,블랙핑크 맨투맨,블랙핑크 로고 맨투맨.,50000,13,판매자6,ON_SALE
블랙핑크,블랙핑크 바지,블랙핑크 공식 트레이닝 바지.,46000,12,판매자6,ON_SALE
블랙핑크,블랙핑크 모자,블랙핑크 로고 캡 모자.,31000,16,판매자6,ON_SALE
블랙핑크,블랙핑크 양말 세트,블랙핑크 멤버 양말 4종 세트.,26000,19,판매자6,ON_SALE
뉴진스,뉴진스 후드티,뉴진스 로고 후드티.,54000,12,판매자7,ON_SALE
뉴진스,뉴진스 맨투맨,뉴진스 로고 맨투맨.,48000,14,판매자7,ON_SALE
뉴진스,뉴진스 바지,뉴진스 공식 트레이닝 바지.,44000,13,판매자7,ON_SALE
뉴진스,뉴진스 모자,뉴진스 토끼 캡 모자.,30000,17,판매자7,ON_SALE
뉴진스,뉴진스 양말 세트,뉴진스 멤버 양말 5종 세트.,27000,18,판매자7,ON_SALE
에스파,에스파 후드티,에스파 로고 후드티.,55000,11,판매자8,ON_SALE
에스파,에스파 맨투맨,에스파 로고 맨투맨.,49000,13,판매자8,ON_SALE
에스파,에스파 바지,에스파 공식 트레이닝 바지.,45000,12,판매자8,ON_SALE
에스파,에스파 모자,에스파 로고 캡 모자.,31000,16,판매자8,ON_SALE
에스파,에스파 양말 세트,에스파 멤버 양말 4종 세트.,26500,18,판매자8,ON_SALE
세븐틴,세븐틴 후드티,세븐틴 로고 후드티.,53000,12,판매자9,ON_SALE
세븐틴,세븐틴 맨투맨,세븐틴 로고 맨투맨.,47000,14,판매자9,ON_SALE
세븐틴,세븐틴 바지,세븐틴 공식 트레이닝 바지.,43000,13,판매자9,ON_SALE
세븐틴,세븐틴 모자,세븐틴 로고 캡 모자.,30000,17,판매자9,ON_SALE
세븐틴,세븐틴 양말 세트,세븐틴 멤버 양말 13종 세트.,45000,12,판매자9,ON_SALE
원피스,원피스 후드티,원피스 로고 후드티.,51000,13,판매자10,ON_SALE
원피스,원피스 맨투맨,원피스 캐릭터 맨투맨.,45000,15,판매자10,ON_SALE
원피스,원피스 바지,원피스 공식 트레이닝 바지.,41000,14,판매자10,ON_SALE
원피스,원피스 양말 세트,원피스 캐릭터 양말 5종.,24000,20,판매자10,ON_SALE
원피스,원피스 담요,원피스 캐릭터 담요. 대형.,48000,8,판매자10,ON_SALE
나루토,나루토 후드티,나루토 로고 후드티.,50000,14,판매자1,ON_SALE
나루토,나루토 맨투맨,나루토 캐릭터 맨투맨.,44000,16,판매자1,ON_SALE
나루토,나루토 바지,나루토 공식 트레이닝 바지.,40000,15,판매자1,ON_SALE
나루토,나루토 양말 세트,나루토 캐릭터 양말 5종.,23000,20,판매자1,ON_SALE
나루토,나루토 담요,나루토 캐릭터 담요. 대형.,46000,9,판매자1,ON_SALE
귀멸의 칼날,귀멸의 칼날 후드티,귀멸의 칼날 로고 후드티.,52000,13,판매자2,ON_SALE
귀멸의 칼날,귀멸의 칼날 맨투맨,귀멸의 칼날 캐릭터 맨투맨.,46000,15,판매자2,ON_SALE
귀멸의 칼날,귀멸의 칼날 바지,귀멸의 칼날 공식 트레이닝 바지.,42000,14,판매자2,ON_SALE
귀멸의 칼날,귀멸의 칼날 양말 세트,귀멸의 칼날 캐릭터 양말 5종.,24500,19,판매자2,ON_SALE
귀멸의 칼날,귀멸의 칼날 담요,귀멸의 칼날 캐릭터 담요. 대형.,47000,8,판매자2,ON_SALE
리그오브레전드,LOL 후드티,리그오브레전드 로고 후드티.,54000,12,판매자3,ON_SALE
리그오브레전드,LOL 맨투맨,리그오브레전드 로고 맨투맨.,48000,14,판매자3,ON_SALE
리그오브레전드,LOL 바지,리그오브레전드 게이밍 바지.,44000,13,판매자3,ON_SALE
리그오브레전드,LOL 양말 세트,리그오브레전드 로고 양말 5종.,25000,18,판매자3,ON_SALE
리그오브레전드,LOL 담요,리그오브레전드 캐릭터 담요.,49000,8,판매자3,ON_SALE
발로란트,발로란트 후드티,발로란트 로고 후드티.,53000,12,판매자4,ON_SALE
발로란트,발로란트 맨투맨,발로란트 로고 맨투맨.,47000,14,판매자4,ON_SALE
발로란트,발로란트 바지,발로란트 게이밍 바지.,43000,13,판매자4,ON_SALE
발로란트,발로란트 양말 세트,발로란트 로고 양말 5종.,24000,19,판매자4,ON_SALE
발로란트,발로란트 담요,발로란트 캐릭터 담요.,48000,8,판매자4,ON_SALE
오버워치,오버워치 후드티,오버워치 로고 후드티.,54000,12,판매자5,ON_SALE
오버워치,오버워치 맨투맨,오버워치 로고 맨투맨.,48000,14,판매자5,ON_SALE
오버워치,오버워치 바지,오버워치 게이밍 바지.,44000,13,판매자5,ON_SALE
오버워치,오버워치 양말 세트,오버워치 로고 양말 5종.,25000,18,판매자5,ON_SALE
오버워치,오버워치 담요,오버워치 캐릭터 담요.,49000,8,판매자5,ON_SALE
산리오,헬로키티 키보드,헬로키티 무선 키보드. 핑크색.,65000,8,판매자6,ON_SALE
산리오,시나모롤 키보드,시나모롤 무선 키보드. 블루색.,63000,9,판매자6,ON_SALE
산리오,쿠로미 마우스,쿠로미 무선 마우스. 블랙.,42000,12,판매자6,ON_SALE
산리오,마이멜로디 마우스,마이멜로디 무선 마우스. 핑크.,41000,13,판매자6,ON_SALE
산리오,폼폼푸린 키보드,폼폼푸린 무선 키보드. 옐로우.,64000,8,판매자6,ON_SALE
디즈니,미키마우스 키보드,미키마우스 무선 키보드.,66000,8,판매자7,ON_SALE
디즈니,미니마우스 마우스,미니마우스 무선 마우스.,43000,12,판매자7,ON_SALE
디즈니,스티치 키보드,스티치 무선 키보드. 블루.,67000,7,판매자7,ON_SALE
디즈니,엘사 마우스,겨울왕국 엘사 무선 마우스.,44000,11,판매자7,ON_SALE
디즈니,안나 마우스,겨울왕국 안나 무선 마우스.,43000,12,판매자7,ON_SALE
라인프렌즈,브라운 키보드,브라운 무선 키보드. 브라운.,68000,7,판매자8,ON_SALE
라인프렌즈,코니 마우스,코니 무선 마우스. 화이트.,44000,11,판매자8,ON_SALE
라인프렌즈,샐리 키보드,샐리 무선 키보드. 옐로우.,66000,8,판매자8,ON_SALE
라인프렌즈,BT21 타타 마우스,BT21 타타 무선 마우스.,45000,10,판매자8,ON_SALE
라인프렌즈,BT21 쿠키 마우스,BT21 쿠키 무선 마우스.,44000,11,판매자8,ON_SALE
마블,아이언맨 마우스패드,아이언맨 게이밍 마우스패드. XXL.,42000,10,판매자9,ON_SALE
마블,스파이더맨 마우스패드,스파이더맨 게이밍 마우스패드. XXL.,41000,11,판매자9,ON_SALE
마블,캡틴 아메리카 마우스패드,캡틴 아메리카 마우스패드. XXL.,42000,10,판매자9,ON_SALE
마블,토르 마우스패드,토르 게이밍 마우스패드. XXL.,43000,9,판매자9,ON_SALE
마블,헐크 마우스패드,헐크 게이밍 마우스패드. XXL.,41000,11,판매자9,ON_SALE
해리포터,그리핀도르 마우스패드,그리핀도르 마우스패드. 대형.,38000,12,판매자10,ON_SALE
해리포터,슬리데린 마우스패드,슬리데린 마우스패드. 대형.,37000,13,판매자10,ON_SALE
해리포터,후플푸프 마우스패드,후플푸프 마우스패드. 대형.,36000,14,판매자10,ON_SALE
해리포터,래번클로 마우스패드,래번클로 마우스패드. 대형.,37000,13,판매자10,ON_SALE
해리포터,호그와트 마우스패드,호그와트 로고 마우스패드. 대형.,39000,11,판매자10,ON_SALE
해리포터,해리포터 말포이 마법지팡이,말포이가 사용하던 마법지팡이. 상태 매우 좋음. 네고 불가,10000000,11,판매자10,WAITING
방탄소년단,BTS 뷔 Layover 앨범,뷔 솔로 앨범 Layover. 포토북 풀세트.,24000,8,판매자3,ON_SALE
방탄소년단,BTS 슈가 D-DAY 앨범,슈가 솔로 앨범 D-DAY. 미개봉 새상품.,22000,6,판매자3,ON_SALE
방탄소년단,BTS 제이홉 Jack In The Box,제이홉 솔로 앨범. 한정판 포토카드.,25000,4,판매자3,ON_SALE
방탄소년단,BTS 진 The Astronaut,진 솔로 싱글 The Astronaut. 포카 포함.,12000,10,판매자3,ON_SALE
방탄소년단,BTS 펜미팅 DVD 2023,2023 펜미팅 메모리즈 DVD. 미개봉.,65000,2,판매자4,ON_SALE
방탄소년단,BTS 시즌그리팅 2024,2024 시즌그리팅 풀세트. 다이어리 포함.,58000,3,판매자4,ON_SALE
방탄소년단,BTS 멤버 생일 케이크 토퍼,멤버별 생일 케이크 토퍼 세트.,15000,20,판매자4,ON_SALE
방탄소년단,BTS 공식 에코백,BTS 로고 에코백. 튼튼한 캔버스.,18000,15,판매자5,ON_SALE
방탄소년단,BTS 키링 세트,멤버 캐릭터 키링 7종 세트.,22000,12,판매자5,ON_SALE
방탄소년단,BTS 마스킹테이프 세트,BTS 디자인 마스킹테이프 10종.,14000,25,판매자5,ON_SALE
블랙핑크,블랙핑크 THE ALBUM 앨범,정규 1집 THE ALBUM. 포토카드 랜덤.,23000,5,판매자1,ON_SALE
블랙핑크,로제 R 앨범,로제 솔로 앨범 R. 포토북 포함.,21000,6,판매자1,ON_SALE
블랙핑크,리사 LALISA 앨범,리사 솔로 앨범 LALISA. 미개봉.,22000,4,판매자1,ON_SALE
블랙핑크,지수 ME 앨범,지수 솔로 앨범 ME. 포토카드 포함.,21000,7,판매자2,ON_SALE
블랙핑크,블랙핑크 월드투어 MD,BORN PINK 투어 공식 MD.,35000,3,판매자2,ON_SALE
블랙핑크,블랙핑크 멤버 포토카드 세트,4명 멤버 포토카드 풀세트.,28000,8,판매자2,ON_SALE
블랙핑크,블랙핑크 공식 텀블러,블링크 전용 보온 텀블러.,32000,10,판매자3,ON_SALE
블랙핑크,블랙핑크 폰케이스,멤버별 포토 폰케이스. 아이폰/갤럭시.,18000,20,판매자3,ON_SALE
블랙핑크,블랙핑크 포스터 세트,공식 포스터 5종 세트. A2 사이즈.,25000,15,판매자3,ON_SALE
블랙핑크,블랙핑크 스티커 팩,블핑 스티커 50장 세트.,12000,30,판매자4,ON_SALE
뉴진스,뉴진스 OMG 앨범,뉴진스 1집 미니 OMG. 포토카드 랜덤.,19000,8,판매자1,ON_SALE
뉴진스,뉴진스 Ditto 싱글,Ditto 싱글 앨범. 한정판.,16000,10,판매자1,ON_SALE
뉴진스,뉴진스 하니 포토카드,하니 공식 포토카드. Super Shy 버전.,13000,6,판매자2,ON_SALE
뉴진스,뉴진스 해린 포토카드,해린 공식 포토카드. OMG 버전.,14000,5,판매자2,ON_SALE
뉴진스,뉴진스 다니엘 포토카드,다니엘 공식 포토카드. Get Up 버전.,13000,7,판매자2,ON_SALE
뉴진스,뉴진스 공식 키링,멤버 캐릭터 키링. 5종 세트.,20000,12,판매자3,ON_SALE
뉴진스,뉴진스 파일 세트,뉴진스 디자인 클리어 파일 10장.,15000,20,판매자3,ON_SALE
뉴진스,뉴진스 마그넷 세트,멤버 마그넷 5종 세트.,18000,15,판매자3,ON_SALE
뉴진스,뉴진스 볼펜 세트,뉴진스 로고 볼펜 5개입.,12000,25,판매자4,ON_SALE
뉴진스,뉴진스 노트 세트,뉴진스 디자인 노트 3권 세트.,16000,18,판매자4,ON_SALE
에스파,에스파 Savage 앨범,에스파 미니 1집 Savage. 포토북 포함.,19000,6,판매자1,ON_SALE
에스파,에스파 Girls 앨범,에스파 미니 2집 Girls. 포카 랜덤.,19000,7,판매자1,ON_SALE
에스파,에스파 MY WORLD 앨범,에스파 미니 3집 MY WORLD. 미개봉.,20000,5,판매자1,ON_SALE
에스파,에스파 카리나 포토카드 세트,카리나 포토카드 3장 세트.,22000,8,판매자2,ON_SALE
에스파,에스파 윈터 포토카드 세트,윈터 포토카드 3장 세트.,23000,6,판매자2,ON_SALE
에스파,에스파 지젤 포토카드,지젤 공식 포토카드. Spicy 버전.,12000,10,판매자2,ON_SALE
에스파,에스파 닝닝 포토카드,닝닝 공식 포토카드. Drama 버전.,12000,9,판매자3,ON_SALE
에스파,에스파 월드투어 MD,SYNK 투어 공식 MD 세트.,38000,4,판매자3,ON_SALE
에스파,에스파 응원봉 파우치,나비봉 전용 파우치.,22000,12,판매자3,ON_SALE
에스파,에스파 멤버 뱃지 세트,4명 멤버 뱃지 풀세트.,16000,20,판매자4,ON_SALE
세븐틴,세븐틴 SECTOR 17 앨범,SECTOR 17 리패키지 앨범. 포카 포함.,21000,6,판매자1,ON_SALE
세븐틴,세븐틴 SEVENTEEN HEAVEN,미니 11집 HEAVEN. 미개봉.,20000,7,판매자1,ON_SALE
세븐틴,세븐틴 우지 포토카드,우지 공식 포토카드. FML 버전.,11000,8,판매자2,ON_SALE
세븐틴,세븐틴 호시 포토카드,호시 공식 포토카드. Super 버전.,11000,9,판매자2,ON_SALE
세븐틴,세븐틴 원우 포토카드,원우 공식 포토카드. HOT 버전.,12000,7,판매자2,ON_SALE
세븐틴,세븐틴 민규 포토카드,민규 공식 포토카드. Your Choice 버전.,13000,6,판매자3,ON_SALE
세븐틴,세븐틴 버논 포토카드,버논 공식 포토카드. Attacca 버전.,11000,8,판매자3,ON_SALE
세븐틴,세븐틴 승관 포토카드,승관 공식 포토카드. Face the Sun 버전.,11000,10,판매자3,ON_SALE
세븐틴,세븐틴 준 포토카드,준 공식 포토카드. SEVENTEEN HEAVEN 버전.,12000,7,판매자4,ON_SALE
세븐틴,세븐틴 도겸 포토카드,도겸 공식 포토카드. Sector 17 버전.,13000,6,판매자4,ON_SALE
원피스,원피스 나미 피규어,나미 항해사 버전 피규어. 고퀄리티.,68000,5,판매자1,ON_SALE
원피스,원피스 상디 피규어,상디 요리사 버전. 디테일 최고.,72000,4,판매자1,ON_SALE
원피스,원피스 우솝 피규어,우솝 저격수 버전. 한정판.,65000,3,판매자1,ON_SALE
원피스,원피스 로빈 피규어,니코 로빈 고고학자 버전.,75000,4,판매자2,ON_SALE
원피스,원피스 프랑키 피규어,프랑키 장인 버전 피규어.,70000,3,판매자2,ON_SALE
원피스,원피스 브룩 피규어,브룩 음악가 버전. 희귀템.,68000,2,판매자2,ON_SALE
원피스,원피스 징베 피규어,징베 타수 버전 피규어.,72000,3,판매자3,ON_SALE
원피스,원피스 샹크스 피규어,샹크스 사황 버전. 프리미엄.,95000,2,판매자3,ON_SALE
원피스,원피스 미호크 피규어,미호크 칠무해 버전. 한정판.,92000,2,판매자3,ON_SALE
원피스,원피스 로 피규어,트라팔가 로 외과의 버전.,78000,4,판매자4,ON_SALE
나루토,나루토 이타치 피규어,우치하 이타치 아카츠키 버전.,75000,4,판매자1,ON_SALE
나루토,나루토 지라이야 피규어,지라이야 전설의 3닌 버전.,70000,3,판매자1,ON_SALE
나루토,나루토 오로치마루 피규어,오로치마루 전설의 3닌 버전.,68000,3,판매자1,ON_SALE
나루토,나루토 츠나데 피규어,츠나데 전설의 3닌 버전.,72000,4,판매자2,ON_SALE
나루토,나루토 미나토 피규어,나미카제 미나토 4대 호카게 버전.,78000,3,판매자2,ON_SALE
나루토,나루토 페인 피규어,페인 아카츠키 리더 버전.,75000,2,판매자2,ON_SALE
나루토,나루토 토비 피규어,토비 가면남 버전 피규어.,68000,3,판매자3,ON_SALE
나루토,나루토 가아라 피규어,가아라 풍영 버전. 한정판.,70000,4,판매자3,ON_SALE
나루토,나루토 록리 피규어,록리 청춘 버전 피규어.,62000,5,판매자3,ON_SALE
나루토,나루토 네지 피규어,휴우가 네지 천재 버전.,65000,4,판매자4,ON_SALE
귀멸의 칼날,귀멸의 칼날 이노스케 피규어,이노스케 맹수 버전. 고퀄리티.,60000,5,판매자1,ON_SALE
귀멸의 칼날,귀멸의 칼날 젠이츠 피규어,아가츠마 젠이츠 뇌의 호흡 버전.,62000,6,판매자1,ON_SALE
귀멸의 칼날,귀멸의 칼날 기유 피규어,토미오카 기유 수주 버전.,68000,4,판매자1,ON_SALE
귀멸의 칼날,귀멸의 칼날 무잔 피규어,키부츠지 무잔 귀의 시조 버전.,78000,3,판매자2,ON_SALE
귀멸의 칼날,귀멸의 칼날 아카자 피규어,아카자 상현의 삼 버전.,72000,4,판매자2,ON_SALE
귀멸의 칼날,귀멸의 칼날 도우마 피규어,도우마 상현의 이 버전.,75000,3,판매자2,ON_SALE
귀멸의 칼날,귀멸의 칼날 코쿠시보 피규어,코쿠시보 상현의 일 버전.,80000,2,판매자3,ON_SALE
귀멸의 칼날,귀멸의 칼날 우즈이 피규어,우즈이 텐겐 음주 버전.,70000,4,판매자3,ON_SALE
귀멸의 칼날,귀멸의 칼날 미츠리 피규어,칸로지 미츠리 연주 버전.,68000,5,판매자3,ON_SALE
귀멸의 칼날,귀멸의 칼날 이구로 피규어,이구로 오바나이 사주 버전.,66000,4,판매자4,ON_SALE
리그오브레전드,LOL 요네 피규어,요네 영혼 칼잡이 버전.,85000,3,판매자1,ON_SALE
리그오브레전드,LOL 사미라 피규어,사미라 스타일리시 저격수 버전.,82000,4,판매자1,ON_SALE
리그오브레전드,LOL 세트 피규어,세트 사막의 제왕 버전.,88000,3,판매자1,ON_SALE
리그오브레전드,LOL 아펠리오스 피규어,아펠리오스 달빛 무기고 버전.,84000,3,판매자2,ON_SALE
리그오브레전드,LOL 세라핀 피규어,세라핀 K/DA 올스타 버전.,90000,4,판매자2,ON_SALE
리그오브레전드,LOL 비에고 피규어,비에고 파멸의 왕 버전.,92000,2,판매자2,ON_SALE
리그오브레전드,LOL 그웬 피규어,그웬 성스러운 재봉사 버전.,85000,3,판매자3,ON_SALE
리그오브레전드,LOL 벡스 피규어,벡스 우울한 마법사 버전.,78000,4,판매자3,ON_SALE
리그오브레전드,LOL 제리 피규어,제리 번개같은 소녀 버전.,80000,3,판매자3,ON_SALE
리그오브레전드,LOL 제품 쿠션,LOL 캐릭터 쿠션. 40cm.,35000,10,판매자4,ON_SALE
발로란트,발로란트 요루 피규어,요루 차원 이동자 버전.,68000,5,판매자1,ON_SALE
발로란트,발로란트 네온 피규어,네온 전기 질주자 버전.,70000,4,판매자1,ON_SALE
발로란트,발로란트 체임버 피규어,체임버 명사수 버전.,72000,3,판매자1,ON_SALE
발로란트,발로란트 페이드 피규어,페이드 악몽의 사냥꾼 버전.,68000,4,판매자2,ON_SALE
발로란트,발로란트 하버 피규어,하버 물의 지배자 버전.,70000,3,판매자2,ON_SALE
발로란트,발로란트 게코 피규어,게코 생물 조련사 버전.,65000,5,판매자2,ON_SALE
발로란트,발로란트 데드락 피규어,데드락 영역 장악자 버전.,68000,4,판매자3,ON_SALE
발로란트,발로란트 이소 피규어,이소 이중 방어막 버전.,70000,3,판매자3,ON_SALE
발로란트,발로란트 클로브 피규어,클로브 불멸의 전사 버전.,72000,3,판매자3,ON_SALE
발로란트,발로란트 공식 후드,발로란트 로고 후드티. 블랙.,65000,8,판매자4,ON_SALE
오버워치,오버워치 겐지 피규어,겐지 사이버 닌자 버전.,68000,5,판매자1,ON_SALE
오버워치,오버워치 한조 피규어,한조 용의 후예 버전.,70000,4,판매자1,ON_SALE
오버워치,오버워치 위도우메이커 피규어,위도우메이커 암살자 버전.,72000,3,판매자1,ON_SALE
오버워치,오버워치 맥크리 피규어,맥크리 무법자 버전.,65000,4,판매자2,ON_SALE
오버워치,오버워치 애쉬 피규어,애쉬 갱단 리더 버전. 밥 포함.,85000,3,판매자2,ON_SALE
오버워치,오버워치 솔저76 피규어,솔저76 베테랑 군인 버전.,68000,4,판매자2,ON_SALE
오버워치,오버워치 파라 피규어,파라 로켓 전사 버전.,70000,4,판매자3,ON_SALE
오버워치,오버워치 정크랫 피규어,정크랫 폭발광 버전.,62000,5,판매자3,ON_SALE
오버워치,오버워치 로드호그 피규어,로드호그 거구 용병 버전.,75000,3,판매자3,ON_SALE
오버워치,오버워치 바스티온 피규어,바스티온 평화 로봇 버전.,68000,4,판매자4,ON_SALE
산리오,포차코 인형,포차코 중형 인형. 45cm 사이즈.,42000,10,판매자1,ON_SALE
산리오,배드바츠마루 파우치,배드바츠마루 펭귄 파우치.,25000,15,판매자1,ON_SALE
산리오,케로케로케로피 가방,케로케로케로피 미니 백팩.,38000,8,판매자1,ON_SALE
산리오,타키&츠바사 키링,타키&츠바사 키링 세트.,18000,20,판매자2,ON_SALE
산리오,리틀트윈스타즈 텀블러,리틀트윈스타즈 보온 텀블러.,32000,12,판매자2,ON_SALE
산리오,헬로키티 우산,헬로키티 장우산. 자동 개폐.,35000,10,판매자2,ON_SALE
산리오,시나모롤 베개,시나모롤 쿠션 베개. 50cm.,45000,8,판매자3,ON_SALE
산리오,쿠로미 필통,쿠로미 지퍼 필통. 대용량.,22000,18,판매자3,ON_SALE
산리오,마이멜로디 거울,마이멜로디 손거울. 접이식.,18000,15,판매자3,ON_SALE
산리오,폼폼푸린 슬리퍼,폼폼푸린 실내 슬리퍼. 사이즈 250.,28000,12,판매자4,ON_SALE
디즈니,곰돌이 푸 인형,곰돌이 푸 대형 인형. 70cm.,58000,8,판매자1,ON_SALE
디즈니,티거 인형,티거 중형 인형. 50cm 사이즈.,45000,10,판매자1,ON_SALE
디즈니,피글렛 인형,피글렛 소형 인형. 30cm.,35000,12,판매자1,ON_SALE
디즈니,이요르 인형,이요르 중형 인형. 45cm.,42000,9,판매자2,ON_SALE
디즈니,라푼젤 인형,라푼젤 노래하는 인형. 공식.,52000,7,판매자2,ON_SALE
디즈니,벨 인형,미녀와 야수 벨 인형. 드레스 버전.,55000,6,판매자2,ON_SALE
디즈니,신데렐라 인형,신데렐라 무도회 드레스 버전.,58000,5,판매자3,ON_SALE
디즈니,백설공주 인형,백설공주 클래식 버전.,50000,7,판매자3,ON_SALE
디즈니,잠자는 숲속의 공주 인형,오로라 공주 인형. 분홍 드레스.,52000,6,판매자3,ON_SALE
디즈니,모아나 인형,모아나 항해자 버전 인형.,48000,8,판매자4,ON_SALE
라인프렌즈,문 인형,라인프렌즈 문 중형 인형. 50cm.,45000,10,판매자1,ON_SALE
라인프렌즈,제임스 인형,라인프렌즈 제임스 소형 인형.,38000,12,판매자1,ON_SALE
라인프렌즈,제시카 인형,라인프렌즈 제시카 중형 인형.,42000,9,판매자1,ON_SALE
라인프렌즈,레너드 인형,라인프렌즈 레너드 소형 인형.,35000,14,판매자2,ON_SALE
라인프렌즈,BT21 쿠키 키링,BT21 쿠키 캐릭터 키링.,12000,25,판매자2,ON_SALE
라인프렌즈,BT21 망 인형,BT21 망 캐릭터 인형. 중형.,38000,11,판매자2,ON_SALE
라인프렌즈,BT21 RJ 인형,BT21 RJ 캐릭터 인형. 중형.,38000,10,판매자3,ON_SALE
라인프렌즈,BT21 슈키 인형,BT21 슈키 캐릭터 인형. 중형.,38000,10,판매자3,ON_SALE
라인프렌즈,BT21 치미 인형,BT21 치미 캐릭터 인형. 중형.,38000,11,판매자3,ON_SALE
라인프렌즈,BT21 코야 인형,BT21 코야 캐릭터 인형. 중형.,38000,9,판매자4,ON_SALE
마블,닥터 스트레인지 레플리카,닥터 스트레인지 아가모토의 눈.,280000,3,판매자1,ON_SALE
마블,호크아이 활 레플리카,호크아이 컴파운드 보우 레플리카.,220000,4,판매자1,ON_SALE
마블,블랙위도우 바톤 레플리카,블랙위도우 전기 바톤 레플리카.,180000,5,판매자1,ON_SALE
마블,앤트맨 헬멧 레플리카,앤트맨 헬멧 1:1 레플리카.,320000,2,판매자2,ON_SALE
마블,와스프 헬멧 레플리카,와스프 헬멧 레플리카. 웨어러블.,280000,3,판매자2,ON_SALE
마블,비전 피규어,비전 마인드스톤 버전 피규어.,85000,6,판매자2,ON_SALE
마블,스칼렛위치 피규어,완다 막시모프 혼돈의 마법 버전.,88000,5,판매자3,ON_SALE
마블,팔콘 윙 레플리카,팔콘 날개 미니 레플리카.,180000,4,판매자3,ON_SALE
마블,윈터솔져 암 레플리카,윈터솔져 금속 팔 레플리카.,220000,3,판매자3,ON_SALE
마블,로키 스태프 레플리카,로키 셉터 레플리카. LED 작동.,250000,3,판매자4,ON_SALE
해리포터,덤블도어 지팡이,덤블도어 엘더 완드. 올리밴더 제작.,62000,8,판매자1,ON_SALE
해리포터,스네이프 지팡이,세베루스 스네이프 마법 지팡이.,58000,9,판매자1,ON_SALE
해리포터,맥고나걸 지팡이,미네르바 맥고나걸 지팡이.,58000,8,판매자1,ON_SALE
해리포터,시리우스 블랙 지팡이,시리우스 블랙 마법 지팡이.,60000,7,판매자2,ON_SALE
해리포터,루핀 지팡이,리무스 루핀 지팡이. 늑대인간.,58000,8,판매자2,ON_SALE
해리포터,볼드모트 지팡이,볼드모트 다크로드 지팡이.,65000,6,판매자2,ON_SALE
해리포터,호그와트 교복 슬리데린,슬리데린 기숙사 교복 풀세트.,180000,4,판매자3,ON_SALE
해리포터,호그와트 교복 래번클로,래번클로 기숙사 교복 풀세트.,180000,5,판매자3,ON_SALE
해리포터,호그와트 교복 후플푸프,후플푸프 기숙사 교복 풀세트.,180000,4,판매자3,ON_SALE
해리포터,마법사 체스 보드,해리포터 체스 보드만. 말 미포함.,120000,6,판매자4,ON_SALE
방탄소년단,BTS 멤버 아크릴 스탠드,멤버별 아크릴 스탠드 7종 세트.,32000,10,판매자6,ON_SALE
방탄소년단,BTS 공식 목걸이,BTS 로고 실버 목걸이.,45000,8,판매자6,ON_SALE
방탄소년단,BTS 공식 팔찌,BTS 멤버 이름 각인 팔찌.,38000,12,판매자6,ON_SALE
방탄소년단,BTS 멤버 컵홀더,멤버 사진 컵홀더 7종.,24000,15,판매자7,ON_SALE
방탄소년단,BTS 공식 거울,BTS 로고 휴대용 거울.,18000,20,판매자7,ON_SALE
방탄소년단,BTS 립밤 세트,BTS 협업 립밤 7종 세트.,35000,10,판매자7,ON_SALE
방탄소년단,BTS 향수 미니어처,BTS 멤버별 향수 미니 세트.,65000,5,판매자8,ON_SALE
방탄소년단,BTS 손거울 세트,멤버 사진 손거울 7종.,28000,12,판매자8,ON_SALE
방탄소년단,BTS 헤어밴드,BTS 로고 헤어밴드. 블랙.,15000,18,판매자8,ON_SALE
방탄소년단,BTS 양말 세트,BTS 디자인 양말 5켤레.,22000,15,판매자9,ON_SALE
블랙핑크,블랙핑크 멤버 뱃지,4명 멤버 뱃지 풀세트. 대형.,20000,15,판매자5,ON_SALE
블랙핑크,블랙핑크 공식 우산,블핑 로고 장우산. 자동.,38000,8,판매자5,ON_SALE
블랙핑크,블랙핑크 목걸이,블핑 로고 실버 목걸이.,42000,10,판매자5,ON_SALE
블랙핑크,블랙핑크 팔찌,멤버 이름 각인 팔찌.,35000,12,판매자6,ON_SALE
블랙핑크,블랙핑크 헤어핀 세트,블핑 디자인 헤어핀 5개.,18000,20,판매자6,ON_SALE
블랙핑크,블랙핑크 슬리퍼,블핑 로고 실내 슬리퍼.,25000,15,판매자6,ON_SALE
블랙핑크,블랙핑크 베개,블핑 멤버 쿠션 베개.,38000,10,판매자7,ON_SALE
블랙핑크,블랙핑크 담요,블핑 로고 플리스 담요.,48000,8,판매자7,ON_SALE
블랙핑크,블랙핑크 파자마,블핑 디자인 파자마 세트.,55000,6,판매자7,ON_SALE
블랙핑크,블랙핑크 화장품 파우치,블핑 로고 대형 파우치.,28000,12,판매자8,ON_SALE
뉴진스,뉴진스 멤버 포토북,5명 멤버 개인 포토북 세트.,45000,8,판매자5,ON_SALE
뉴진스,뉴진스 미니 라이트봉,뉴진스 공식 미니 응원봉.,35000,10,판매자5,ON_SALE
뉴진스,뉴진스 목걸이,뉴진스 로고 실버 목걸이.,38000,12,판매자5,ON_SALE
뉴진스,뉴진스 팔찌,멤버 이름 각인 실버 팔찌.,32000,15,판매자6,ON_SALE
뉴진스,뉴진스 헤어끈 세트,뉴진스 디자인 헤어끈 10개.,15000,20,판매자6,ON_SALE
뉴진스,뉴진스 거울,뉴진스 로고 탁상 거울.,25000,12,판매자6,ON_SALE
뉴진스,뉴진스 화장대 세트,뉴진스 미니 화장대 굿즈.,65000,5,판매자7,ON_SALE
뉴진스,뉴진스 손풍기,뉴진스 로고 휴대용 선풍기.,22000,18,판매자7,ON_SALE
뉴진스,뉴진스 물병,뉴진스 디자인 물병. 500ml.,18000,20,판매자7,ON_SALE
뉴진스,뉴진스 에코백,뉴진스 로고 캔버스 에코백.,28000,15,판매자8,ON_SALE
에스파,에스파 멤버 포토북,4명 멤버 개인 포토북 세트.,42000,8,판매자5,ON_SALE
에스파,에스파 목걸이,에스파 로고 실버 목걸이.,40000,10,판매자5,ON_SALE
에스파,에스파 팔찌,멤버 이름 각인 팔찌.,35000,12,판매자5,ON_SALE
에스파,에스파 헤어핀,에스파 디자인 헤어핀 5개.,16000,18,판매자6,ON_SALE
에스파,에스파 귀걸이,에스파 로고 실버 귀걸이.,32000,10,판매자6,ON_SALE
에스파,에스파 반지,에스파 로고 실버 반지.,28000,12,판매자6,ON_SALE
에스파,에스파 시계,에스파 공식 손목시계.,85000,5,판매자7,ON_SALE
에스파,에스파 선글라스,에스파 협업 선글라스.,65000,6,판매자7,ON_SALE
에스파,에스파 모자,에스파 로고 볼캡. 블랙.,32000,15,판매자7,ON_SALE
에스파,에스파 양말,에스파 디자인 양말 5켤레.,20000,18,판매자8,ON_SALE
세븐틴,세븐틴 멤버 포토북,13명 멤버 개인 포토북 세트.,68000,6,판매자5,ON_SALE
세븐틴,세븐틴 목걸이,세븐틴 로고 실버 목걸이.,42000,10,판매자5,ON_SALE
세븐틴,세븐틴 팔찌,멤버 이름 각인 실버 팔찌.,38000,12,판매자5,ON_SALE
세븐틴,세븐틴 헤어밴드,세븐틴 로고 헤어밴드.,18000,20,판매자6,ON_SALE
세븐틴,세븐틴 키링 세트,멤버 캐릭터 키링 13종 세트.,45000,8,판매자6,ON_SALE
세븐틴,세븐틴 파일 세트,세븐틴 디자인 파일 15장.,22000,15,판매자6,ON_SALE
세븐틴,세븐틴 펜 세트,세븐틴 로고 펜 10개입.,25000,12,판매자7,ON_SALE
세븐틴,세븐틴 노트 세트,세븐틴 디자인 노트 5권.,28000,10,판매자7,ON_SALE
세븐틴,세븐틴 다이어리,세븐틴 2024 공식 다이어리.,35000,8,판매자7,ON_SALE
세븐틴,세븐틴 캘린더,세븐틴 2024 탁상 캘린더.,22000,15,판매자8,ON_SALE
원피스,원피스 포트거스 D 에이스 피규어,에이스 화염 버전. 이펙트 포함.,88000,3,판매자5,ON_SALE
원피스,원피스 사보 피규어,사보 혁명군 참모총장 버전.,82000,4,판매자5,ON_SALE
원피스,원피스 크로커다일 피규어,크로커다일 칠무해 버전.,78000,3,판매자5,ON_SALE
원피스,원피스 돈키호테 도플라밍고 피규어,도플라밍고 칠무해 버전.,85000,3,판매자6,ON_SALE
원피스,원피스 쿠잔 아오키지 피규어,아오키지 전 대장 버전.,88000,2,판매자6,ON_SALE
원피스,원피스 보르살리노 키자루 피규어,키자루 대장 버전. 프리미엄.,92000,2,판매자6,ON_SALE
원피스,원피스 사카즈키 아카이누 피규어,아카이누 원수 버전.,95000,2,판매자7,ON_SALE
원피스,원피스 이스카 피규어,이스카 불꽃권총 버전.,68000,4,판매자7,ON_SALE
원피스,원피스 바르톨로메오 피규어,바르톨로메오 배리어 버전.,65000,4,판매자7,ON_SALE
원피스,원피스 캐번디쉬 피규어,캐번디쉬 백마 버전. 한정.,72000,3,판매자8,ON_SALE
나루토,나루토 히나타 피규어,휴우가 히나타 백안 버전.,62000,5,판매자5,ON_SALE
나루토,나루토 사쿠라 피규어,하루노 사쿠라 의료닌자 버전.,60000,6,판매자5,ON_SALE
나루토,나루토 이노 피규어,야마나카 이노 꽃 버전.,58000,5,판매자5,ON_SALE
나루토,나루토 텐텐 피규어,텐텐 무기 마스터 버전.,56000,6,판매자6,ON_SALE
나루토,나루토 시카마루 피규어,나라 시카마루 그림자 버전.,62000,5,판매자6,ON_SALE
나루토,나루토 쵸지 피규어,아키미치 쵸지 확장 버전.,58000,5,판매자6,ON_SALE
나루토,나루토 키바 피규어,이누즈카 키바 & 아카마루 세트.,65000,4,판매자7,ON_SALE
나루토,나루토 시노 피규어,아부라메 시노 벌레 조종 버전.,58000,5,판매자7,ON_SALE
나루토,나루토 야마토 피규어,야마토 목둔 버전. 한정판.,68000,4,판매자7,ON_SALE
나루토,나루토 사이 피규어,사이 먹그림 버전 피규어.,60000,5,판매자8,ON_SALE
귀멸의 칼날,귀멸의 칼날 카나오 피규어,츠유리 카나오 꽃의 호흡 버전.,64000,5,판매자5,ON_SALE
귀멸의 칼날,귀멸의 칼날 아오이 피규어,칸자키 아오이 나비저택 버전.,58000,6,판매자5,ON_SALE
귀멸의 칼날,귀멸의 칼날 무이치로 피규어,토키토 무이치로 안개기둥 버전.,70000,4,판매자5,ON_SALE
귀멸의 칼날,귀멸의 칼날 사네미 피규어,시나즈가와 사네미 바람기둥 버전.,72000,4,판매자6,ON_SALE
귀멸의 칼날,귀멸의 칼날 교쥬로 피규어,렌고쿠 교쥬로 전 염기둥 버전.,68000,3,판매자6,ON_SALE
귀멸의 칼날,귀멸의 칼날 유시로 피규어,유시로 주술사 버전.,58000,5,판매자6,ON_SALE
귀멸의 칼날,귀멸의 칼날 타마요 피규어,타마요 의사 귀 버전.,62000,4,판매자7,ON_SALE
귀멸의 칼날,귀멸의 칼날 엔무 피규어,엔무 하현의 일 버전.,66000,4,판매자7,ON_SALE
귀멸의 칼날,귀멸의 칼날 루이 피규어,루이 하현의 오 버전.,64000,4,판매자7,ON_SALE
귀멸의 칼날,귀멸의 칼날 나키메 피규어,나키메 상현의 사 버전.,68000,3,판매자8,ON_SALE
리그오브레전드,LOL 이렐리아 피규어,이렐리아 칼날 무희 버전.,86000,4,판매자5,ON_SALE
리그오브레전드,LOL 카타리나 피규어,카타리나 암살자 버전.,84000,4,판매자5,ON_SALE
리그오브레전드,LOL 아칼리 피규어,아칼리 K/DA 버전. 한정판.,90000,3,판매자5,ON_SALE
리그오브레전드,LOL 에코 피규어,에코 시간 조종자 버전.,82000,4,판매자6,ON_SALE
리그오브레전드,LOL 아리 K/DA 피규어,아리 K/DA 올스타 버전.,98000,3,판매자6,ON_SALE
리그오브레전드,LOL 이블린 피규어,이블린 K/DA 버전.,92000,3,판매자6,ON_SALE
리그오브레전드,LOL 카이사 피규어,카이사 K/DA 버전.,94000,3,판매자7,ON_SALE
리그오브레전드,LOL 세라핀 K/DA 피규어,세라핀 K/DA 슈퍼스타 버전.,96000,3,판매자7,ON_SALE
리그오브레전드,LOL 가렌 피규어,가렌 데마시아의 힘 버전.,80000,5,판매자7,ON_SALE
리그오브레전드,LOL 럭스 피규어,럭스 빛의 소녀 버전.,82000,4,판매자8,ON_SALE
발로란트,발로란트 킬조이 피규어,킬조이 독일 천재 발명가 버전.,66000,5,판매자5,ON_SALE
발로란트,발로란트 바이퍼 피규어,바이퍼 독 전문가 버전.,68000,4,판매자5,ON_SALE
발로란트,발로란트 세이지 피규어,세이지 치유자 버전.,64000,5,판매자5,ON_SALE
발로란트,발로란트 소바 피규어,소바 정찰 활 달인 버전.,66000,4,판매자6,ON_SALE
발로란트,발로란트 오멘 피규어,오멘 그림자 암살자 버전.,70000,4,판매자6,ON_SALE
발로란트,발로란트 브림스톤 피규어,브림스톤 지휘관 버전.,68000,4,판매자6,ON_SALE
발로란트,발로란트 피닉스 피규어,피닉스 불꽃 전사 버전.,66000,5,판매자7,ON_SALE
발로란트,발로란트 사이퍼 피규어,사이퍼 정보 수집가 버전.,68000,4,판매자7,ON_SALE
발로란트,발로란트 스카이 피규어,스카이 치유 동물 조련사 버전.,64000,5,판매자7,ON_SALE
발로란트,발로란트 브리치 피규어,브리치 스웨덴 폭파 전문가 버전.,66000,4,판매자8,ON_SALE
오버워치,오버워치 라인하르트 피규어,라인하르트 방패 기사 버전.,82000,3,판매자5,ON_SALE
오버워치,오버워치 윈스턴 피규어,윈스턴 과학자 고릴라 버전.,78000,4,판매자5,ON_SALE
오버워치,오버워치 자리야 피규어,자리야 중력 조종자 버전.,74000,4,판매자5,ON_SALE
오버워치,오버워치 오리사 피규어,오리사 보호 로봇 버전.,76000,3,판매자6,ON_SALE
오버워치,오버워치 시그마 피규어,시그마 중력 박사 버전.,80000,3,판매자6,ON_SALE
오버워치,오버워치 둠피스트 피규어,둠피스트 주먹 전사 버전.,78000,4,판매자6,ON_SALE
오버워치,오버워치 레킹볼 피규어,레킹볼 햄스터 메카 버전.,82000,3,판매자7,ON_SALE
오버워치,오버워치 메르시 피규어,메르시 천사 치유사 버전.,72000,5,판매자7,ON_SALE
오버워치,오버워치 루시우 피규어,루시우 DJ 힐러 버전.,70000,5,판매자7,ON_SALE
오버워치,오버워치 모이라 피규어,모이라 생체 조작자 버전.,74000,4,판매자8,ON_SALE
산리오,헬로키티 가방,헬로키티 미니 백팩. 핑크.,42000,10,판매자5,ON_SALE
산리오,시나모롤 담요,시나모롤 플리스 담요. 150cm.,52000,8,판매자5,ON_SALE
산리오,쿠로미 화장대,쿠로미 미니 화장대 세트.,65000,6,판매자5,ON_SALE
산리오,마이멜로디 우산,마이멜로디 장우산. 핑크.,35000,12,판매자6,ON_SALE
산리오,폼폼푸린 쿠션,폼폼푸린 대형 쿠션. 60cm.,48000,8,판매자6,ON_SALE
산리오,시나모롤 키링,시나모롤 아크릴 키링.,10000,25,판매자6,ON_SALE
산리오,헬로키티 필통,헬로키티 대용량 필통.,25000,15,판매자7,ON_SALE
산리오,쿠로미 거울,쿠로미 탁상 거울. 조명 포함.,38000,10,판매자7,ON_SALE
산리오,마이멜로디 헤어핀,마이멜로디 헤어핀 5개 세트.,18000,20,판매자7,ON_SALE
산리오,폼폼푸린 파자마,폼폼푸린 파자마 세트.,55000,8,판매자8,ON_SALE
디즈니,라이온킹 심바 인형,심바 왕자 버전 인형. 중형.,45000,9,판매자5,ON_SALE
디즈니,알라딘 지니 인형,지니 램프의 요정 인형.,42000,10,판매자5,ON_SALE
디즈니,인어공주 에리얼 인형,에리얼 인어 버전 인형.,48000,8,판매자5,ON_SALE
디즈니,포카혼타스 인형,포카혼타스 전사 버전.,45000,7,판매자6,ON_SALE
디즈니,뮬란 인형,뮬란 전사 버전 인형.,46000,8,판매자6,ON_SALE
디즈니,티아나 인형,티아나 공주와 개구리 버전.,44000,9,판매자6,ON_SALE
디즈니,메리다 인형,메리다 용감한 공주 버전.,46000,8,판매자7,ON_SALE
디즈니,안나 인형,겨울왕국 안나 인형.,48000,10,판매자7,ON_SALE
디즈니,크리스토프 인형,겨울왕국 크리스토프 인형.,45000,8,판매자7,ON_SALE
디즈니,올라프 인형,겨울왕국 올라프 눈사람 인형.,38000,15,판매자8,ON_SALE
라인프렌즈,브라운 쿠션,브라운 대형 쿠션. 60cm.,52000,9,판매자5,ON_SALE
라인프렌즈,코니 인형 세트,코니 소중형 인형 3종.,65000,6,판매자5,ON_SALE
라인프렌즈,샐리 키링,샐리 아크릴 키링.,10000,25,판매자5,ON_SALE
라인프렌즈,문 담요,문 플리스 담요. 150cm.,55000,8,판매자6,ON_SALE
라인프렌즈,제임스 필통,제임스 대용량 필통.,22000,18,판매자6,ON_SALE
라인프렌즈,제시카 거울,제시카 탁상 거울.,28000,12,판매자6,ON_SALE
라인프렌즈,레너드 가방,레너드 미니 백팩.,45000,10,판매자7,ON_SALE
라인프렌즈,BT21 타타 파우치,BT21 타타 화장품 파우치.,25000,15,판매자7,ON_SALE
라인프렌즈,BT21 쿠키 필통,BT21 쿠키 필통.,20000,18,판매자7,ON_SALE
라인프렌즈,BT21 망 우산,BT21 망 장우산.,32000,12,판매자8,ON_SALE
마블,헐크버스터 레플리카,헐크버스터 미니 레플리카.,450000,2,판매자5,ON_SALE
마블,아크 리액터 레플리카,토니 스타크 아크 리액터.,180000,5,판매자5,ON_SALE
마블,아이언맨 마크50 피규어,아이언맨 마크50 인피니티워 버전.,95000,4,판매자5,ON_SALE
마블,스파이더맨 웹슈터 레플리카,스파이더맨 웹슈터 웨어러블.,220000,4,판매자6,ON_SALE
마블,캡틴마블 헬멧 레플리카,캡틴마블 모호크 헬멧.,280000,3,판매자6,ON_SALE
마블,그루트 피규어,베이비 그루트 춤추는 버전.,65000,8,판매자6,ON_SALE
마블,로켓 라쿤 피규어,로켓 무기 전문가 버전.,68000,7,판매자7,ON_SALE
마블,드랙스 피규어,드랙스 파괴자 버전.,72000,6,판매자7,ON_SALE
마블,가모라 피규어,가모라 암살자 버전.,70000,6,판매자7,ON_SALE
마블,스타로드 헬멧 레플리카,스타로드 헬멧 LED 작동.,250000,3,판매자8,ON_SALE
해리포터,론 위즐리 지팡이,론 위즐리 마법 지팡이.,55000,10,판매자5,ON_SALE
해리포터,헤르미온느 그레인저 지팡이,헤르미온느 마법 지팡이.,58000,9,판매자5,ON_SALE
해리포터,네빌 롱바텀 지팡이,네빌 롱바텀 지팡이.,52000,8,판매자5,ON_SALE
해리포터,지니 위즐리 지팡이,지니 위즐리 마법 지팡이.,54000,9,판매자6,ON_SALE
해리포터,루나 러브굿 지팡이,루나 러브굿 지팡이.,56000,8,판매자6,ON_SALE
해리포터,드레이코 말포이 지팡이,드레이코 말포이 지팡이.,58000,7,판매자6,ON_SALE
해리포터,시간 역전기,헤르미온느 시간 역전기 레플리카.,85000,5,판매자7,ON_SALE
해리포터,마법사 모자,호그와트 분류 모자 레플리카.,75000,6,판매자7,ON_SALE
해리포터,퀴디치 공 세트,퀴디치 골든 스니치 포함 세트.,65000,8,판매자7,ON_SALE
해리포터,해리포터 안경,해리포터 동그란 안경 레플리카.,35000,15,판매자8,ON_SALE
